<?xml version="1.0" encoding="UTF-8"?>

<!DOCTYPE suite SYSTEM "https://testng.org/testng-1.0.dtd" >
  
<suite name="Automation Test" parallel="true">
  
  <listeners>
  	<listener class-name="com.automationTest.utilities.Reporting"></listener>
  </listeners>
  
  <test name="Amazon Automation Test on Chrome">
  	<parameter name="browser" value="Chrome"></parameter>
    <classes>
       <class name="com.automationTest.testCases.TC_Amazon_001" />
    </classes>
  </test>
<!--  
  <test name="Amazon Automation Test on Edge">
  	<parameter name="browser" value="Edge"></parameter>
    <classes>
       <class name="com.automationTest.testCases.TC_Amazon_001" />
    </classes>
  </test>
-->
</suite>